INSERT INTO teams (id, teamid, name, started, finished)
	VALUES (1, 'dbed5e5f8e8c48d0', 'A-Team', '2016-08-29 12:00:00', NULL),
               (2, 'cc86cb086b6c402d', 'B-Team', '2016-08-29 13:30:00', '2016-08-29 14:00:00');

INSERT INTO members (team, member_id, name, identity, joined, parted, last_location)
	VALUES (1, 1, 'Mr T', 'mr.t@example.org', '2016-08-29 12:01:00', NULL, 2),
               (1, 2, 'Joe Bloggs', 'joe.bloggs@example.org', '2016-08-29 12:03:00', '2016-08-29 13:03:00', 4),
               (1, 3, 'Dutch Shaefer', 'dutch@example.org', '2016-08-29 12:05:00', NULL, 6),
               (2, 1, 'Joe Bloggs', 'joe.bloggs@example.org', '2016-08-29 13:30:01', '2016-08-29 14:00:00', 9),
               (2, 2, 'John Doe', 'doe@example.org', '2016-08-29 13:39:00', '2016-08-29 13:50:00', 11);

INSERT INTO locations (id, team, member_id, time, lat, lng)
	VALUES (1, 1, 1, '2016-08-29 12:05:00', -34.931758128842546, 138.59767640360823),
               (2, 1, 1, '2016-08-29 12:10:00', -34.934448040212764, 138.609348872736),
               (3, 1, 2, '2016-08-29 12:08:00', -34.924784656915186, 138.60309321291064),
               (4, 1, 2, '2016-08-29 12:10:00', -34.93097357656342, 138.59894775305855),
               (5, 1, 3, '2016-08-29 12:05:00', -34.93332332940564, 138.59978208219275),
               (6, 1, 3, '2016-08-29 12:11:00', -34.92550857725174, 138.60928904365673),
               (7, 2, 1, '2016-08-29 13:31:00', -34.93257140160195, 138.5989765498752),
               (8, 2, 1, '2016-08-29 13:35:00', -34.91979014698472, 138.59683908646554),
               (9, 2, 1, '2016-08-29 13:40:00', -34.922219053764096, 138.60354590894246),
               (10,2, 2, '2016-08-29 13:39:00', -34.93110222214245, 138.59973526155383),
               (11,2, 2, '2016-08-29 13:49:00', -34.92094632562258, 138.59147173086802);

INSERT INTO chat (id, team, time, sender, message)
	VALUES (1, 1, '2016-08-29 12:03:30', 1, 'Stay in school kids'),
               (2, 1, '2016-08-29 12:05:01', 3, 'Get to the chopper!'),
               (3, 2, '2016-08-29 13:31:00', 0, 'You appear to have switched off your targeting computer'),
               (4, 2, '2016-08-29 13:32:00', 1, 'Roger that');
